{
  "project_info": {
    "project_number": "657803985525",
    "firebase_url": "https://entacom-28445.firebaseio.com",
    "project_id": "entacom-28445",
    "storage_bucket": "entacom-28445.appspot.com"
  },
  "client": [
    {
      "client_info": {
        "mobilesdk_app_id": "1:657803985525:android:0dabdebec2781fbdb4ae3c",
        "android_client_info": {
          "package_name": "qubit.entacom.educator"
        }
      },
      "oauth_client": [
        {
          "client_id": "657803985525-63e39motj544a8labo6mbbrmn9jluag6.apps.googleusercontent.com",
          "client_type": 1,
          "android_info": {
            "package_name": "qubit.entacom.educator",
            "certificate_hash": "ea2d35c9f8957720b6895db5efa6fb50c6710cdc"
          }
        },
        {
          "client_id": "657803985525-1q2ov1ekv2g1pn8e6m4g4hhv5ca6f91f.apps.googleusercontent.com",
          "client_type": 3
        }
      ],
      "api_key": [
        {
          "current_key": "AIzaSyBrIaYLrHwJeInou6Fmk6Iyju8mnqzspZc"
        }
      ],
      "services": {
        "appinvite_service": {
          "other_platform_oauth_client": [
            {
              "client_id": "657803985525-1q2ov1ekv2g1pn8e6m4g4hhv5ca6f91f.apps.googleusercontent.com",
              "client_type": 3
            }
          ]
        }
      }
    }
  ],
  "configuration_version": "1"
}